{"sections":{"main":{"type":"main-product","blocks":{"title":{"type":"title","settings":{}},"d7e31d1e-58da-443f-9ac4-1921a8bde2c0":{"type":"text","settings":{"text":"{{ product.metafields.custom.pipeline_store_data.value }}","text_style":"body"}},"price":{"type":"price","settings":{}},"variant_picker":{"type":"variant_picker","settings":{"picker_type":"button"}},"quantity_selector":{"type":"quantity_selector","settings":{}},"buy_buttons":{"type":"buy_buttons","settings":{"show_dynamic_checkout":true,"show_gift_card_recipient":true}},"description":{"type":"description","disabled":true,"settings":{}},"cf5a4849-e293-47eb-a8d6-a16114983fec":{"type":"collapsible_tab","settings":{"heading":"Discription","icon":"none","content":"{{ product.metafields.custom.pipeline_description | metafield_tag }}","page":""}},"743825c7-7d8f-4fd4-9be1-4b78cfc6b026":{"type":"collapsible_tab","settings":{"heading":"Shipping","icon":"none","content":"<p>{{ product.metafields.custom.text_info | metafield_tag }}<\/p>","page":""}},"fc359aae-bac4-4820-b36d-0f906b41a799":{"type":"usp_block","settings":{}},"6254f997-4b71-4996-a2f5-41c5d7cd1e65":{"type":"offer_block","settings":{}}},"block_order":["title","d7e31d1e-58da-443f-9ac4-1921a8bde2c0","price","variant_picker","quantity_selector","buy_buttons","description","cf5a4849-e293-47eb-a8d6-a16114983fec","743825c7-7d8f-4fd4-9be1-4b78cfc6b026","fc359aae-bac4-4820-b36d-0f906b41a799","6254f997-4b71-4996-a2f5-41c5d7cd1e65"],"settings":{"enable_sticky_info":true,"color_scheme":"background-1","media_size":"medium","constrain_to_viewport":true,"media_fit":"contain","gallery_layout":"columns","media_position":"left","image_zoom":"lightbox","mobile_thumbnails":"show","hide_variants":false,"enable_video_looping":false,"padding_top":36,"padding_bottom":12}},"3a182480-9c3b-4fdc-98fb-88630df485a9":{"type":"tab-switching","blocks":{"f8594f41-5144-43d1-847f-f74c7dd343c8":{"type":"tab-content","settings":{"tab_heading":"Heading 1","tab_content":"{{ product.metafields.custom.pipeline_description | metafield_tag }}"}},"09149cc4-b56f-44e6-a2ee-86913e88aace":{"type":"tab-content","settings":{"tab_heading":"Heading2","tab_content":"<p>{{ product.metafields.custom.text_info | metafield_tag }}<\/p>"}},"b2be8c09-d058-49fc-8578-e72871910a6c":{"type":"tab-content","settings":{"tab_heading":"Heading3","tab_content":"<p>Add you content here<\/p>"}},"82bb0cbc-f898-4beb-a9cf-c324d674fd31":{"type":"tab-content","settings":{"tab_heading":"Heading 4","tab_content":""}}},"block_order":["f8594f41-5144-43d1-847f-f74c7dd343c8","09149cc4-b56f-44e6-a2ee-86913e88aace","b2be8c09-d058-49fc-8578-e72871910a6c","82bb0cbc-f898-4beb-a9cf-c324d674fd31"],"settings":{"padding_top":36,"padding_bottom":36,"heading_text":"","product_limit":4,"product_limit_mobile":1}},"ce1b5b6d-426d-403a-ae1f-b69d24741b1a":{"type":"rich-text","blocks":{"template--21819220787511__ce1b5b6d-426d-403a-ae1f-b69d24741b1a-heading-1":{"type":"heading","settings":{"heading":"Talk about your brand","heading_size":"h1"}},"template--21819220787511__ce1b5b6d-426d-403a-ae1f-b69d24741b1a-text-1":{"type":"text","settings":{"text":"<p>Share information about your brand with your customers. Describe a product, make announcements, or welcome customers to your store.<\/p>"}},"template--21819220787511__ce1b5b6d-426d-403a-ae1f-b69d24741b1a-button-1":{"type":"button","settings":{"button_label":"Button label","button_link":"","button_style_secondary":false,"button_label_2":"","button_link_2":"","button_style_secondary_2":false}}},"block_order":["template--21819220787511__ce1b5b6d-426d-403a-ae1f-b69d24741b1a-heading-1","template--21819220787511__ce1b5b6d-426d-403a-ae1f-b69d24741b1a-text-1","template--21819220787511__ce1b5b6d-426d-403a-ae1f-b69d24741b1a-button-1"],"settings":{"desktop_content_position":"center","content_alignment":"center","color_scheme":"accent-1","full_width":true,"padding_top":40,"padding_bottom":40}},"24144b0c-24b5-4d41-90f3-688a2df55900":{"type":"benifits-of-product","settings":{"padding_top":0,"padding_bottom":0,"section_heading":"Product Benifits","text_alignment":"text-center"}},"related-products":{"type":"related-products","settings":{"heading":"You may also like","heading_size":"h2","products_to_show":4,"columns_desktop":4,"color_scheme":"background-1","image_ratio":"square","image_shape":"default","show_secondary_image":true,"show_vendor":false,"show_rating":false,"columns_mobile":"2","padding_top":36,"padding_bottom":28}}},"order":["main","3a182480-9c3b-4fdc-98fb-88630df485a9","ce1b5b6d-426d-403a-ae1f-b69d24741b1a","24144b0c-24b5-4d41-90f3-688a2df55900","related-products"]}