{"sections":{"main":{"type":"main-product","blocks":{"title":{"type":"title","settings":{}},"c4535eb2-006b-42a5-89cb-471b3aee8aa4":{"type":"text","settings":{"text":"{{ product.metafields.custom.pipeline_store_data.value }}","text_style":"body"}},"price":{"type":"price","settings":{}},"quantity_selector":{"type":"quantity_selector","settings":{}},"variant_picker":{"type":"variant_picker","settings":{"picker_type":"button"}},"697a6ae4-8ceb-4fc9-b567-9261fc2a6bea":{"type":"offer_block","settings":{}},"buy_buttons":{"type":"buy_buttons","settings":{"show_dynamic_checkout":true,"show_gift_card_recipient":true}},"e0edcca0-34bc-4801-9c96-62ee0791a8e4":{"type":"collapsible_tab","settings":{"heading":"Background","icon":"dryer","content":"{{ product.metafields.custom.product_benefits_text | metafield_tag }}","page":""}},"68b2a9aa-eb07-40c1-af11-257f2f1a27fe":{"type":"collapsible_tab","settings":{"heading":"Shipping","icon":"box","content":"<p>{{ product.metafields.custom.pipeline_store_data.value }}<\/p>","page":""}},"0cefcc16-ff49-4e39-93d2-1fd877db1a58":{"type":"collapsible_tab","settings":{"heading":"Review","icon":"heart","content":"{{ product.metafields.custom.product_offer | metafield_tag }}","page":""}},"c0ad28c7-c4f6-41d8-a25c-0c70922a6d2c":{"type":"usp_block","settings":{}}},"block_order":["title","c4535eb2-006b-42a5-89cb-471b3aee8aa4","price","quantity_selector","variant_picker","697a6ae4-8ceb-4fc9-b567-9261fc2a6bea","buy_buttons","e0edcca0-34bc-4801-9c96-62ee0791a8e4","68b2a9aa-eb07-40c1-af11-257f2f1a27fe","0cefcc16-ff49-4e39-93d2-1fd877db1a58","c0ad28c7-c4f6-41d8-a25c-0c70922a6d2c"],"settings":{"enable_sticky_info":true,"color_scheme":"background-1","media_size":"medium","constrain_to_viewport":true,"media_fit":"contain","gallery_layout":"thumbnail_slider","media_position":"left","image_zoom":"lightbox","mobile_thumbnails":"hide","hide_variants":true,"enable_video_looping":false,"padding_top":36,"padding_bottom":12}},"4d21f842-9e84-4e0b-9c62-566d8222b982":{"type":"tab-switching","blocks":{"c349dc7a-2e7d-49ff-b6b6-433a3633740c":{"type":"tab-content","settings":{"tab_heading":"Tab 1","tab_content":""}},"f6ba9060-da59-4ea3-a79b-468e9197c0bc":{"type":"tab-content","settings":{"tab_heading":"Tab2","tab_content":"{{ product.metafields.custom.product_benefits_text | metafield_tag }}"}},"d68514df-d855-4831-9be5-7255dc895c3d":{"type":"tab-content","settings":{"tab_heading":"Tab3","tab_content":"{{ product.metafields.custom.product_offer | metafield_tag }}"}},"6abb8c94-fa1b-4514-9114-5bd9d1bf72be":{"type":"tab-content","settings":{"tab_heading":"Tab4","tab_content":"<p>Add you content<\/p>"}}},"block_order":["c349dc7a-2e7d-49ff-b6b6-433a3633740c","f6ba9060-da59-4ea3-a79b-468e9197c0bc","d68514df-d855-4831-9be5-7255dc895c3d","6abb8c94-fa1b-4514-9114-5bd9d1bf72be"],"settings":{"padding_top":36,"padding_bottom":36,"heading_text":"","product_limit":4,"product_limit_mobile":1}},"30d143b2-6556-4dff-b9bf-83fe202f93f1":{"type":"benifits-of-product","settings":{"padding_top":0,"padding_bottom":0,"section_heading":"Benifits of Products","text_alignment":"text-center"}},"d0cf4b9c-caa6-42ae-9a97-2c19b995c22e":{"type":"multicolumn","blocks":{"template--21819220754743__d0cf4b9c-caa6-42ae-9a97-2c19b995c22e-column-1":{"type":"column","settings":{"title":"Column","text":"<p>Pair text with an image to focus on your chosen product, collection, or blog post. Add details on availability, style, or even provide a review.<\/p>{{ product.metafields.custom.usp_text | metafield_tag }}","link_label":"","link":""}},"template--21819220754743__d0cf4b9c-caa6-42ae-9a97-2c19b995c22e-column-2":{"type":"column","settings":{"title":"Column","text":"<p>Pair text with an image to focus on your chosen product, collection, or blog post. Add details on availability, style, or even provide a review.<\/p>","link_label":"","link":""}},"7a4e1356-38c9-4d6f-852f-5a8be5c2b0e9":{"type":"column","settings":{"title":"Column","text":"<p>Pair text with an image to focus on your chosen product, collection, or blog post. Add details on availability, style, or even provide a review.<\/p>","link_label":"","link":""}}},"block_order":["template--21819220754743__d0cf4b9c-caa6-42ae-9a97-2c19b995c22e-column-1","template--21819220754743__d0cf4b9c-caa6-42ae-9a97-2c19b995c22e-column-2","7a4e1356-38c9-4d6f-852f-5a8be5c2b0e9"],"settings":{"title":"Multicolumn","heading_size":"h1","image_width":"third","image_ratio":"adapt","columns_desktop":3,"column_alignment":"left","background_style":"primary","button_label":"Button label","button_link":"","color_scheme":"background-2","columns_mobile":"1","swipe_on_mobile":false,"padding_top":36,"padding_bottom":36}},"related-products":{"type":"related-products","settings":{"heading":"You may also like","heading_size":"h2","products_to_show":4,"columns_desktop":4,"color_scheme":"background-1","image_ratio":"square","image_shape":"default","show_secondary_image":true,"show_vendor":false,"show_rating":false,"columns_mobile":"2","padding_top":36,"padding_bottom":28}}},"order":["main","4d21f842-9e84-4e0b-9c62-566d8222b982","30d143b2-6556-4dff-b9bf-83fe202f93f1","d0cf4b9c-caa6-42ae-9a97-2c19b995c22e","related-products"]}